{"cameraMode":{"drawMode":0,"name":"Shaded","section":"Shading Mode"},"sceneLighting":true,"audioPlay":false,"sceneViewState":{"showFog":true,"showMaterialUpdate":false,"showSkybox":true,"showFlares":true,"showImageEffects":true,"showParticleSystems":true},"in2DMode":false,"pivot":{"x":-0.30654042959213259,"y":-0.5153818130493164,"z":3.311173915863037},"rotation":{"x":0.13032279908657075,"y":0.041035544127225879,"z":-0.005401904694736004,"w":0.9906116724014282},"size":5.2009992599487309,"orthographic":false}