{"cameraMode":{"drawMode":0,"name":"Shaded","section":"Shading Mode"},"sceneLighting":true,"audioPlay":false,"sceneViewState":{"showFog":true,"showMaterialUpdate":false,"showSkybox":true,"showFlares":true,"showImageEffects":true,"showParticleSystems":true},"in2DMode":false,"pivot":{"x":-0.46634411811828616,"y":-0.47696012258529665,"z":0.7609024047851563},"rotation":{"x":-0.06921093910932541,"y":-0.03531033173203468,"z":0.0024519667495042087,"w":-0.9969788193702698},"size":5.1221137046813969,"orthographic":false}